{
  "Australia/VIC808/2020": {
    "frequencies": [
      9e-06,
      0.002808,
      0.069159,
      0.150033,
      0.147161
    ]
  },
  "Australia/VIC969/2020": {
    "frequencies": [
      1.2e-05,
      0.003336,
      0.074471,
      0.148031,
      0.133041
    ]
  },
  "Greece/226_35576/2020": {
    "frequencies": [
      8.6e-05,
      0.011895,
      0.120888,
      0.119393,
      0.053314
    ]
  },
  "Greece/227_35969/2020": {
    "frequencies": [
      0.000509,
      0.035035,
      0.1621,
      0.079545,
      0.017648
    ]
  },
  "Hangzhou/HZ-1/2020": {
    "frequencies": [
      0.482228,
      0.383876,
      0.011773,
      6.7e-05,
      0.0
    ]
  },
  "USA/CA-CZB-1092/2020": {
    "frequencies": [
      0.0,
      0.0,
      0.0,
      0.0,
      0.0
    ]
  },
  "USA/MI-MDHHS-SC20368/2020": {
    "frequencies": [
      0.000332,
      0.027227,
      0.153361,
      0.089637,
      0.023688
    ]
  },
  "USA/UT-01231/2020": {
    "frequencies": [
      0.0,
      0.000346,
      0.025163,
      0.14282,
      0.366502
    ]
  },
  "USA/WA-UW-5166/2020": {
    "frequencies": [
      2e-06,
      0.001134,
      0.045679,
      0.153431,
      0.23301
    ]
  },
  "USA/WA1/2020": {
    "frequencies": [
      0.510378,
      0.372272,
      0.010347,
      5.4e-05,
      0.0
    ]
  },
  "USA/WA_5030/2020": {
    "frequencies": [
      0.006109,
      0.134845,
      0.173697,
      0.027352,
      0.001947
    ]
  },
  "Uruguay/Mdeo-1/2020": {
    "frequencies": [
      0.000332,
      0.027227,
      0.153361,
      0.089637,
      0.023688
    ]
  },
  "Wuhan/Hu-1/2019": {
    "frequencies": [
      0.0,
      0.0,
      0.0,
      0.0,
      0.0
    ]
  },
  "Wuhan/IPBCAMS-WH-03/2019": {
    "frequencies": [
      0.0,
      0.0,
      0.0,
      0.0,
      0.0
    ]
  },
  "Wuhan/WH01/2019": {
    "frequencies": [
      0.0,
      0.0,
      0.0,
      0.0,
      0.0
    ]
  },
  "generated_by": {
    "program": "augur",
    "version": "10.2.0"
  },
  "pivots": [
    2020.0,
    2020.08,
    2020.17,
    2020.25,
    2020.33
  ]
}