{
  "Australia/VIC96/2020": {
    "frequencies": [
      0.000434,
      0.001279,
      0.003667,
      0.009854,
      0.022304,
      0.045345,
      0.074209,
      0.099824,
      0.119944,
      0.127475,
      0.1271,
      0.119013,
      0.104377,
      0.087002,
      0.067124,
      0.048775,
      0.03384,
      0.021987,
      0.014241,
      0.009061,
      0.005668,
      0.003506,
      0.00224,
      0.001366,
      0.00083,
      0.000501,
      0.000292,
      0.000176,
      0.000105,
      6.3e-05,
      3.9e-05,
      2.3e-05,
      1.4e-05,
      8e-06,
      5e-06,
      3e-06,
      2e-06,
      1e-06,
      1e-06,
      0.0,
      0.0,
      0.0,
      0.0,
      0.0,
      0.0,
      0.0,
      0.0,
      0.0,
      0.0,
      0.0,
      0.0,
      0.0,
      0.0,
      0.0,
      0.0
    ]
  },
  "Australia/VIC969/2020": {
    "frequencies": [
      3.5e-05,
      0.000128,
      0.000464,
      0.001568,
      0.00439,
      0.011228,
      0.023146,
      0.03922,
      0.062208,
      0.08318,
      0.104468,
      0.123218,
      0.135959,
      0.140199,
      0.136085,
      0.124561,
      0.108726,
      0.090278,
      0.073654,
      0.058962,
      0.046453,
      0.036195,
      0.028581,
      0.021948,
      0.016787,
      0.012766,
      0.009503,
      0.007186,
      0.00541,
      0.00407,
      0.00312,
      0.002337,
      0.001746,
      0.001301,
      0.00097,
      0.000738,
      0.000549,
      0.000407,
      0.000302,
      0.000219,
      0.000162,
      0.00012,
      8.9e-05,
      6.7e-05,
      4.9e-05,
      3.6e-05,
      2.7e-05,
      2e-05,
      1.4e-05,
      1.1e-05,
      8e-06,
      6e-06,
      4e-06,
      3e-06,
      2e-06
    ]
  },
  "Greece/246_32206/2020": {
    "frequencies": [
      0.001482,
      0.003847,
      0.009729,
      0.023064,
      0.046484,
      0.08338,
      0.120311,
      0.142694,
      0.147354,
      0.138171,
      0.121467,
      0.100284,
      0.077598,
      0.057592,
      0.039203,
      0.025117,
      0.015375,
      0.008739,
      0.00499,
      0.002802,
      0.001545,
      0.000843,
      0.00048,
      0.000258,
      0.000138,
      7.4e-05,
      3.8e-05,
      2e-05,
      1e-05,
      6e-06,
      3e-06,
      2e-06,
      1e-06,
      0.0,
      0.0,
      0.0,
      0.0,
      0.0,
      0.0,
      0.0,
      0.0,
      0.0,
      0.0,
      0.0,
      0.0,
      0.0,
      0.0,
      0.0,
      0.0,
      0.0,
      0.0,
      0.0,
      0.0,
      0.0,
      0.0
    ]
  },
  "Greece/259_31928/2020": {
    "frequencies": [
      0.001799,
      0.004574,
      0.011328,
      0.0263,
      0.05199,
      0.091329,
      0.129045,
      0.149875,
      0.150911,
      0.138583,
      0.1193,
      0.096449,
      0.073089,
      0.053206,
      0.035469,
      0.022253,
      0.01334,
      0.007415,
      0.004147,
      0.00228,
      0.001231,
      0.000658,
      0.000367,
      0.000193,
      0.000102,
      5.3e-05,
      2.6e-05,
      1.4e-05,
      7e-06,
      4e-06,
      2e-06,
      1e-06,
      1e-06,
      0.0,
      0.0,
      0.0,
      0.0,
      0.0,
      0.0,
      0.0,
      0.0,
      0.0,
      0.0,
      0.0,
      0.0,
      0.0,
      0.0,
      0.0,
      0.0,
      0.0,
      0.0,
      0.0,
      0.0,
      0.0,
      0.0
    ]
  },
  "Hangzhou/HZ-1/2020": {
    "frequencies": [
      0.623944,
      0.570462,
      0.505276,
      0.421809,
      0.323163,
      0.204128,
      0.103155,
      0.042849,
      0.012522,
      0.004135,
      0.001273,
      0.000368,
      0.0001,
      2.8e-05,
      7e-06,
      2e-06,
      0.0,
      0.0,
      0.0,
      0.0,
      0.0,
      0.0,
      0.0,
      0.0,
      0.0,
      0.0,
      0.0,
      0.0,
      0.0,
      0.0,
      0.0,
      0.0,
      0.0,
      0.0,
      0.0,
      0.0,
      0.0,
      0.0,
      0.0,
      0.0,
      0.0,
      0.0,
      0.0,
      0.0,
      0.0,
      0.0,
      0.0,
      0.0,
      0.0,
      0.0,
      0.0,
      0.0,
      0.0,
      0.0,
      0.0
    ]
  },
  "Thailand/SI200615-NT/2020": {
    "frequencies": [
      0.364771,
      0.402431,
      0.430537,
      0.4337,
      0.395462,
      0.301422,
      0.183985,
      0.09231,
      0.033859,
      0.013491,
      0.005017,
      0.001752,
      0.000576,
      0.000193,
      5.6e-05,
      1.5e-05,
      4e-06,
      1e-06,
      0.0,
      0.0,
      0.0,
      0.0,
      0.0,
      0.0,
      0.0,
      0.0,
      0.0,
      0.0,
      0.0,
      0.0,
      0.0,
      0.0,
      0.0,
      0.0,
      0.0,
      0.0,
      0.0,
      0.0,
      0.0,
      0.0,
      0.0,
      0.0,
      0.0,
      0.0,
      0.0,
      0.0,
      0.0,
      0.0,
      0.0,
      0.0,
      0.0,
      0.0,
      0.0,
      0.0,
      0.0
    ]
  },
  "USA/CA-CZB-1022/2020": {
    "frequencies": [
      1e-06,
      3e-06,
      1.5e-05,
      7.1e-05,
      0.000267,
      0.000935,
      0.00264,
      0.006128,
      0.014196,
      0.02596,
      0.044665,
      0.07217,
      0.108912,
      0.150116,
      0.199288,
      0.249888,
      0.29832,
      0.346075,
      0.386793,
      0.423488,
      0.457069,
      0.487881,
      0.514095,
      0.540826,
      0.565757,
      0.589357,
      0.613003,
      0.633927,
      0.653868,
      0.672688,
      0.689275,
      0.706299,
      0.72254,
      0.737947,
      0.752486,
      0.765287,
      0.778408,
      0.790905,
      0.802739,
      0.814564,
      0.82513,
      0.835074,
      0.844526,
      0.852736,
      0.861219,
      0.869234,
      0.876765,
      0.883914,
      0.891072,
      0.897387,
      0.903377,
      0.909029,
      0.913927,
      0.918953,
      0.923717
    ]
  },
  "USA/CA-CZB-1045/2020": {
    "frequencies": [
      4e-06,
      1.9e-05,
      8.2e-05,
      0.000328,
      0.001073,
      0.003242,
      0.007906,
      0.015844,
      0.030756,
      0.048598,
      0.072192,
      0.100713,
      0.131323,
      0.158083,
      0.181334,
      0.196315,
      0.202503,
      0.200974,
      0.193935,
      0.183468,
      0.170966,
      0.157562,
      0.145113,
      0.131804,
      0.119135,
      0.107151,
      0.095346,
      0.085196,
      0.075872,
      0.067444,
      0.060355,
      0.053438,
      0.047199,
      0.04162,
      0.036671,
      0.032572,
      0.028626,
      0.025112,
      0.022006,
      0.019118,
      0.016721,
      0.014622,
      0.012767,
      0.011267,
      0.009825,
      0.008562,
      0.007462,
      0.006495,
      0.005602,
      0.004874,
      0.004237,
      0.003681,
      0.003234,
      0.00281,
      0.002439
    ]
  },
  "USA/CA-CZB-1085/2020": {
    "frequencies": [
      1e-06,
      7e-06,
      3.2e-05,
      0.00014,
      0.000494,
      0.001622,
      0.004301,
      0.009374,
      0.02013,
      0.034578,
      0.055862,
      0.084755,
      0.120139,
      0.156255,
      0.194845,
      0.229412,
      0.25725,
      0.279123,
      0.29293,
      0.301252,
      0.305303,
      0.306002,
      0.304364,
      0.300655,
      0.295423,
      0.288971,
      0.281118,
      0.273067,
      0.264473,
      0.255569,
      0.247106,
      0.237839,
      0.228463,
      0.219099,
      0.209854,
      0.201391,
      0.192409,
      0.183571,
      0.17495,
      0.166096,
      0.157986,
      0.150184,
      0.142617,
      0.135929,
      0.128906,
      0.122168,
      0.115746,
      0.109571,
      0.103312,
      0.097728,
      0.092378,
      0.087285,
      0.082835,
      0.078234,
      0.073842
    ]
  },