{
  "Argentina/PAIS-A0020/2020": {
    "frequencies": [
      1e-06,
      0.000224,
      0.021093,
      0.177188,
      0.107473,
      0.004158,
      2.1e-05,
      0.0,
      0.0,
      0.0,
      0.0,
      0.0,
      0.0
    ]
  },
  "Australia/VIC45/2020": {
    "frequencies": [
      0.001602,
      0.042651,
      0.190606,
      0.106494,
      0.004296,
      8e-06,
      0.0,
      0.0,
      0.0,
      0.0,
      0.0,
      0.0,
      0.0
    ]
  },
  "Australia/VIC5551/2020": {
    "frequencies": [
      0.0,
      0.0,
      0.0,
      0.0,
      9e-06,
      0.006986,
      0.236256,
      0.234382,
      0.027238,
      0.000163,
      0.0,
      0.0,
      0.0
    ]
  },
  "Bangladesh/BCSIR-NILMRC-064/2020": {
    "frequencies": [
      0.0,
      0.0,
      1e-06,
      0.000953,
      0.045752,
      0.242052,
      0.094744,
      0.001088,
      1e-06,
      0.0,
      0.0,
      0.0,
      0.0
    ]
  },
  "Chile/RM-ISPCH-40/2020": {
    "frequencies": [
      0.000429,
      0.019313,
      0.155728,
      0.147022,
      0.010022,
      3.3e-05,
      0.0,
      0.0,
      0.0,
      0.0,
      0.0,
      0.0,
      0.0
    ]
  },
  "England/QEUH-9F326B/2020": {
    "frequencies": [
      0.0,
      0.0,
      0.0,
      0.0,
      0.0,
      0.0,
      1.6e-05,
      0.003939,
      0.224826,
      0.331805,
      0.070607,
      0.000332,
      1e-06
    ]
  },
  "Kenya/C5696/2020": {
    "frequencies": [
      0.0,
      0.0,
      0.000163,
      0.018872,
      0.157693,
      0.116671,
      0.007947,
      1.6e-05,
      0.0,
      0.0,
      0.0,
      0.0,
      0.0
    ]
  },
  "SouthAfrica/KRISP-K002765/2020": {
    "frequencies": [
      0.0,
      0.0,
      0.0,
      0.0,
      0.0,
      0.000138,
      0.031857,
      0.21633,
      0.218852,
      0.008961,
      5.3e-05,
      0.0,
      0.0
    ]
  },
  "USA/AZ-TG383538/2020": {
    "frequencies": [
      0.0,
      0.0,
      0.0,
      2.9e-05,
      0.006248,
      0.175978,
      0.304518,
      0.015457,
      6.3e-05,
      0.0,
      0.0,
      0.0,
      0.0
    ]
  },
  "USA/CA-ALSR-2874/2020": {
    "frequencies": [
      0.0,
      0.0,
      0.0,
      0.0,
      0.0,
      0.000817,
      0.08611,
      0.266208,
      0.111121,
      0.002071,
      6e-06,
      0.0,
      0.0
    ]
  },
  "USA/CA-CDC-6/2020": {
    "frequencies": [
      0.93795,
      0.532878,
      0.031424,
      0.000375,
      0.0,
      0.0,
      0.0,
      0.0,
      0.0,
      0.0,
      0.0,
      0.0,
      0.0
    ]
  },
  "USA/CA-CSMC99/2020": {
    "frequencies": [
      0.000132,
      0.009193,
      0.121217,
      0.177188,
      0.018702,
      0.000101,
      0.0,
      0.0,
      0.0,
      0.0,
      0.0,
      0.0,
      0.0
    ]
  },
  "USA/ID-UW-4376/2020": {
    "frequencies": [
      3.8e-05,
      0.004061,
      0.087567,
      0.198182,
      0.032386,
      0.000287,
      0.0,
      0.0,
      0.0,
      0.0,
      0.0,
      0.0,
      0.0
    ]
  },
  "USA/MI-MDHHS-SC20563/2020": {
    "frequencies": [
      0.0,
      3e-06,
      0.001575,
      0.063814,
      0.186752,
      0.042443,
      0.001012,
      1e-06,
      0.0,
      0.0,
      0.0,
      0.0,
      0.0
    ]
  },
  "USA/MI-MDHHS-SC22145/2020": {
    "frequencies": [
      0.0,
      0.0,
      0.0,
      0.0,
      0.0,
      0.0,
      0.0,
      0.000318,
      0.071873,
      0.36074,
      0.261067,
      0.004863,
      5.1e-05
    ]
  },
  "USA/MI-MDHHS-SC22373/2020": {
    "frequencies": [
      0.0,
      0.0,
      0.0,
      0.0,
      0.0,
      0.0,
      0.0,
      0.0,
      0.000211,
      0.026891,
      0.494415,
      0.350608,
      0.093684
    ]
  },
  "USA/RI_0520/2020": {
    "frequencies": [
      0.016162,
      0.150667,
      0.206832,
      0.040472,
      0.000572,
      0.0,
      0.0,
      0.0,
      0.0,
      0.0,
      0.0,
      0.0,
      0.0
    ]
  },
  "USA/UT-UPHL-201216229/2020": {
    "frequencies": [
      0.0,
      0.0,
      0.0,
      0.0,
      0.0,
      0.0,
      0.0,
      0.0,
      2e-06,
      0.001448,
      0.140151,
      0.644109,
      0.906264
    ]
  },
  "USA/WA-USAFSAM-S060/2020": {
    "frequencies": [
      0.043686,
      0.24101,
      0.183371,
      0.021234,
      0.000178,
      0.0,
      0.0,
      0.0,
      0.0,
      0.0,
      0.0,
      0.0,
      0.0
    ]
  },
  "USA/WI-GMF-12278/2020": {
    "frequencies": [
      0.0,
      0.0,
      0.0,
      0.0,
      4e-06,
      0.004452,
      0.195741,
      0.252428,
      0.039404,
      0.000306,
      0.0,
      0.0,
      0.0
    ]
  },
  "USA/WI-UW-1884/2020": {
    "frequencies": [
      0.0,
      0.0,
      0.0,
      0.0,
      0.0,
      0.0,
      6.7e-05,
      0.009686,
      0.30641,
      0.267615,
      0.033701,
      8.8e-05,
      0.0
    ]
  },
  "USA/WI-UW-944/2020": {
    "frequencies": [
      0.0,
      0.0,
      0.0002,
      0.021234,
      0.162579,
      0.109019,
      0.006804,
      1.2e-05,
      0.0,
      0.0,
      0.0,
      0.0,
      0.0
    ]
  },
  "UnitedArabEmirates/L3290250781/2020": {
    "frequencies": [
      0.0,
      0.0,
      2.2e-05,
      0.005707,
      0.104754,
      0.187837,
      0.028102,
      0.000123,
      0.0,
      0.0,
      0.0,
      0.0,
      0.0
    ]
  },
  "Wales/PHWC-163A39/2020": {
    "frequencies": [
      0.0,
      0.0,
      0.0002,
      0.021234,
      0.162579,
      0.109019,
      0.006804,
      1.2e-05,
      0.0,
      0.0,
      0.0,
      0.0,
      0.0
    ]
  },
  "Wuhan/Hu-1/2019": {
    "frequencies": [
      0.0,
      0.0,
      0.0,
      0.0,
      0.0,
      0.0,
      0.0,
      0.0,
      0.0,
      0.0,
      0.0,
      0.0,
      0.0
    ]
  },
  "Wuhan/WH01/2019": {
    "frequencies": [
      0.0,
      0.0,
      0.0,
      0.0,
      0.0,
      0.0,
      0.0,
      0.0,
      0.0,
      0.0,
      0.0,
      0.0,
      0.0
    ]
  },
  "generated_by": {
    "program": "augur",
    "version": "10.0.2"
  },
  "pivots": [
    2020.0,
    2020.08,
    2020.17,
    2020.25,
    2020.33,
    2020.42,
    2020.5,
    2020.58,
    2020.67,
    2020.75,
    2020.83,
    2020.92,
    2021.0
  ]
}